073,https://www.zhihu.com/market/paid_column/1898029374185365848/section/1897747092434298830
074,https://www.zhihu.com/market/paid_column/1898029374185365848/section/1901169015847647127
075,https://www.zhihu.com/market/paid_column/1898029374185365848/section/1908496902472859692
076,https://www.zhihu.com/market/paid_column/1898029374185365848/section/1923402913872589041
077,https://www.zhihu.com/market/paid_column/1898029374185365848/section/1926272171551991301
078,https://www.zhihu.com/market/paid_column/1898029374185365848/section/1937195366161286063
079,https://www.zhihu.com/market/paid_column/1697665987405680640/section/1957981635384443503
080,https://www.zhihu.com/market/paid_column/1898029374185365848/section/1964080245138236838
081,https://www.zhihu.com/market/paid_column/1697665987405680640/section/1702681492801720320
082,https://www.zhihu.com/market/paid_column/1697665987405680640/section/1711035503938375680
083,https://www.zhihu.com/market/paid_column/1671931930718375936/section/1671934122468708352
084,https://www.zhihu.com/market/paid_column/1697665987405680640/section/1739682561843146753
085,https://www.zhihu.com/market/paid_column/1697665987405680640/section/1760605614483570688
086,https://www.zhihu.com/market/paid_column/1697665987405680640/section/1761808095850708992
087,https://www.zhihu.com/market/paid_column/1697665987405680640/section/1799127073618550784
088,https://www.zhihu.com/market/paid_column/1697665987405680640/section/1804614886912815107
089,https://www.zhihu.com/market/paid_column/1697665987405680640/section/1802283081031348224
090,https://www.zhihu.com/market/paid_column/1697665987405680640/section/1811180578923487233
091,https://www.zhihu.com/market/paid_column/1697665987405680640/section/1809968770665566208
092,https://www.zhihu.com/market/paid_column/1898029374185365848/section/1925313005031232699
093,https://www.zhihu.com/market/paid_column/1898029374185365848/section/1948204908252751596
094,https://www.zhihu.com/market/paid_column/1898029374185365848/section/1956833684972872340
095,https://www.zhihu.com/market/paid_column/1697665987405680640/section/1961908771170264048
096,https://www.zhihu.com/market/paid_column/1898029374185365848/section/1975197728050004339
097,https://www.zhihu.com/market/paid_column/1697665987405680640/section/1722737414974631936
098,https://www.zhihu.com/market/paid_column/1697665987405680640/section/1862870387437731840
099,https://www.zhihu.com/market/paid_column/1697665987405680640/section/1731302913752985600
100,https://www.zhihu.com/market/paid_column/1697665987405680640/section/1744399526880800770
101,https://www.zhihu.com/market/paid_column/1697665987405680640/section/1928840068497376644
102,https://www.zhihu.com/market/paid_column/1697665987405680640/section/1970992179540361608